{"_runtime":96,"_wandb":{"runtime":96},"_step":0,"train_loss":0.00926861270002699,"test_loss":0.00347280676051415,"epoch":0,"_timestamp":1.7659248619362e+09}