{"epoch":0,"train_loss":0.009708262994877502,"_timestamp":1.7659221173901193e+09,"f1_global":0.9756,"_step":1,"test_loss":0.0037238209328987505,"precision_global":0.9756,"_runtime":147,"recall_global":0.9756,"_wandb":{"runtime":147},"confusion_matrix":{"size":38628,"path":"media/images/confusion_matrix_1_61e315a32a78fceb31dd.png","format":"png","width":600,"height":600,"_type":"image-file","sha256":"61e315a32a78fceb31dd9ea05cc135b5420c9f2654f9b49484d404895bc7dbdd"}}