{"_runtime":62,"test_loss":0.007160360546549782,"f1_global":0.954,"_step":10,"train_loss":0.004236317581516948,"precision_global":0.954,"_wandb":{"runtime":62},"final_confusion_matrix":{"sha256":"645e2a133ca23d203e2c91e0626d70a999eea5b10cec115c386879a64ac71761","size":36212,"path":"media/images/final_confusion_matrix_10_645e2a133ca23d203e2c.png","format":"png","width":640,"height":480,"_type":"image-file"},"epoch":4,"_timestamp":1.7659270217434404e+09,"recall_global":0.954,"confusion_matrix":{"format":"png","width":600,"height":600,"_type":"image-file","sha256":"3dfe6b17e363915dfc2c9d5de77adee47db7d222fedfcef8139c46f44e3d2005","size":31193,"path":"media/images/confusion_matrix_9_3dfe6b17e363915dfc2c.png"}}