{"_runtime":49,"_step":7,"train_loss":0.006089404973379792,"confusion_matrix":{"height":600,"_type":"image-file","sha256":"a4c384f121821bf2c92a685eff5e8070c237e60c379febb96dc7c9c841d25035","size":31225,"path":"media/images/confusion_matrix_7_a4c384f121821bf2c92a.png","format":"png","width":600},"test_loss":0.00752302460023202,"epoch":3,"f1_global":0.951,"_timestamp":1.7659264652186663e+09,"_wandb":{"runtime":49},"precision_global":0.951,"recall_global":0.951}