{"epoch":4,"confusion_matrix":{"sha256":"c10d449e28157a6450f9fb85393baa73d010ce1ce26373399635c810b8f83dde","size":30259,"path":"media/images/confusion_matrix_1_c10d449e28157a6450f9.png","format":"png","width":600,"height":600,"_type":"image-file"},"_timestamp":1.7659267073859427e+09,"recall_global":0.97,"f1_global":0.97,"_step":2,"precision_global":0.97,"final_confusion_matrix":{"size":35290,"path":"media/images/final_confusion_matrix_2_569cd6e98960ae12ed20.png","format":"png","width":640,"height":480,"_type":"image-file","sha256":"569cd6e98960ae12ed2004f8e3bdb26a89778397aebc366e01e21d2e6512ce3b"},"_runtime":12,"_wandb":{"runtime":12},"train_loss":0.0032032825909753112,"test_loss":0.005510636925464496}