{
    "0": {
        "digit": 0,
        "TP": 972,
        "FP": 11,
        "FN": 8,
        "precision": 0.9888097660223805,
        "recall": 0.9918367346938776,
        "f1_score": 0.990320937340805
    },
    "1": {
        "digit": 1,
        "TP": 1129,
        "FP": 5,
        "FN": 6,
        "precision": 0.9955908289241623,
        "recall": 0.9947136563876652,
        "f1_score": 0.9951520493609519
    },
    "2": {
        "digit": 2,
        "TP": 1027,
        "FP": 30,
        "FN": 5,
        "precision": 0.9716177861873226,
        "recall": 0.9951550387596899,
        "f1_score": 0.9832455720440401
    },
    "3": {
        "digit": 3,
        "TP": 990,
        "FP": 5,
        "FN": 20,
        "precision": 0.9949748743718593,
        "recall": 0.9801980198019802,
        "f1_score": 0.9875311720698253
    },
    "4": {
        "digit": 4,
        "TP": 962,
        "FP": 4,
        "FN": 20,
        "precision": 0.9958592132505176,
        "recall": 0.9796334012219959,
        "f1_score": 0.9876796714579056
    },
    "5": {
        "digit": 5,
        "TP": 882,
        "FP": 13,
        "FN": 10,
        "precision": 0.9854748603351955,
        "recall": 0.9887892376681614,
        "f1_score": 0.987129266927812
    },
    "6": {
        "digit": 6,
        "TP": 947,
        "FP": 18,
        "FN": 11,
        "precision": 0.9813471502590674,
        "recall": 0.988517745302714,
        "f1_score": 0.9849193967758709
    },
    "7": {
        "digit": 7,
        "TP": 1010,
        "FP": 11,
        "FN": 18,
        "precision": 0.9892262487757101,
        "recall": 0.9824902723735408,
        "f1_score": 0.9858467545143972
    },
    "8": {
        "digit": 8,
        "TP": 949,
        "FP": 3,
        "FN": 25,
        "precision": 0.9968487394957983,
        "recall": 0.9743326488706365,
        "f1_score": 0.9854620976116303
    },
    "9": {
        "digit": 9,
        "TP": 1002,
        "FP": 30,
        "FN": 7,
        "precision": 0.9709302325581395,
        "recall": 0.9930624380574826,
        "f1_score": 0.9818716315531602
    },
    "global": {
        "precision": 0.987,
        "recall": 0.987,
        "f1_score": 0.987
    },
    "macro": {
        "precision": 0.9870679700180153,
        "recall": 0.9868729193137744,
        "f1_score": 0.9869158549656399
    }
}