{"test_loss":0.0032815061845212767,"_wandb":{"runtime":321},"_timestamp":1.76592534310249e+09,"_runtime":321,"recall_global":0.9779,"precision_global":0.9779,"train_loss":0.002931665281826225,"confusion_matrix":{"path":"media/images/confusion_matrix_5_de6b8e5bedcb763ccb22.png","format":"png","width":600,"height":600,"_type":"image-file","sha256":"de6b8e5bedcb763ccb22fca51a2820a1fb3788dfa08f358290220236f77107e3","size":38224},"f1_global":0.9779,"epoch":2,"_step":5}