{"epoch":3,"_timestamp":1.7659279564625554e+09,"train_loss":0.005740885588122492,"recall_global":0.942,"_wandb":{"runtime":15},"f1_global":0.942,"_runtime":15,"confusion_matrix":{"_type":"image-file","sha256":"8b56c19fec61397d975d20ec864844f69a5a43e37c16f61fc73d6c284444a4f6","size":31963,"path":"media/images/confusion_matrix_1_8b56c19fec61397d975d.png","format":"png","width":600,"height":600},"precision_global":0.942,"_step":1,"test_loss":0.008341784327058122}