{"_runtime":12,"recall_global":0.965,"confusion_matrix":{"height":600,"_type":"image-file","sha256":"3e7d6177f2366ef56c4091e1eec8762300bc3547fa45b65cd4c8780f70acf417","size":30618,"path":"media/images/confusion_matrix_1_3e7d6177f2366ef56c40.png","format":"png","width":600},"_wandb":{"runtime":12},"_timestamp":1.7659272893422577e+09,"precision_global":0.965,"f1_global":0.965,"epoch":4,"test_loss":0.005821146391099319,"train_loss":0.004191086568096851,"final_confusion_matrix":{"_type":"image-file","sha256":"eb9153ef48e0f6511e052cc76902054c6d2c14751a7f271b1e30f0695dcda1fb","size":35646,"path":"media/images/final_confusion_matrix_2_eb9153ef48e0f6511e05.png","format":"png","width":640,"height":480},"_step":2}