{"final_confusion_matrix":{"height":480,"_type":"image-file","sha256":"1c3a39cb10c7919e74cba53427451dfa73795a6b043c44070bf9ada1decb44b4","size":42314,"path":"media/images/final_confusion_matrix_10_1c3a39cb10c7919e74cb.png","format":"png","width":640},"_runtime":518,"recall_global":0.9815,"train_loss":0.002269589892739241,"_timestamp":1.7659290834943907e+09,"_step":10,"confusion_matrix":{"_type":"image-file","sha256":"e4ec703457fc0d27296e72184ca8e7f01ad7cdf354ccf1edb664e61ea6a73c04","size":37344,"path":"media/images/confusion_matrix_9_e4ec703457fc0d27296e.png","format":"png","width":600,"height":600},"test_loss":0.00282551193975425,"f1_global":0.9815,"epoch":4,"precision_global":0.9815,"_wandb":{"runtime":518}}