{"precision_global":0.944,"_timestamp":1.7659275665808187e+09,"train_loss":0.005959063560325414,"confusion_matrix":{"_type":"image-file","sha256":"2e64bfef288cbbec1772ec223f85e42ba3b138b1624de49377de943015051b48","size":31691,"path":"media/images/confusion_matrix_7_2e64bfef288cbbec1772.png","format":"png","width":600,"height":600},"_runtime":44,"epoch":3,"recall_global":0.944,"f1_global":0.944,"_wandb":{"runtime":44},"test_loss":0.008921360073145479,"_step":7}