{"f1_global":0.961,"_runtime":75,"recall_global":0.961,"train_loss":0.0015402430560262725,"confusion_matrix":{"_type":"image-file","sha256":"2146212370ee832543e26c837fd34ca355569c3cd5d1773182fdf3084b07a811","size":31160,"path":"media/images/confusion_matrix_13_2146212370ee832543e2.png","format":"png","width":600,"height":600},"final_confusion_matrix":{"sha256":"788a2dbfbdac773347c158a8be50b0b0d3895dbb6b7a0ed6cfe1f369f5906112","size":35880,"path":"media/images/final_confusion_matrix_14_788a2dbfbdac773347c1.png","format":"png","width":640,"height":480,"_type":"image-file"},"precision_global":0.961,"_wandb":{"runtime":75},"epoch":10,"_step":14,"_timestamp":1.7659275007002099e+09,"test_loss":0.005475786441820674}