{"_wandb":{"runtime":29},"_runtime":29,"epoch":4,"f1_global":0.957,"train_loss":0.00417998516833053,"test_loss":0.006156334275146946,"precision_global":0.957,"_timestamp":1.7659276147545469e+09,"_step":3,"recall_global":0.957,"confusion_matrix":{"height":600,"_type":"image-file","sha256":"038355ffc24e4358518367a369039d44c452857c25a65646f082ebce15a5ec95","size":31018,"path":"media/images/confusion_matrix_3_038355ffc24e43585183.png","format":"png","width":600}}