{"_wandb":{"runtime":3259},"_runtime":3259,"_timestamp":1.7660684280637205e+09,"test_loss":0.02396864729899271,"recall_global":0.9934,"train_loss":0.019800632821896095,"_step":22,"precision_global":0.9934,"final_confusion_matrix":{"sha256":"aca72a3c8c0e022695869d72877f96be05544d059b3ce65be86cef8974682cf9","size":38717,"path":"media/images/final_confusion_matrix_22_aca72a3c8c0e02269586.png","format":"png","width":640,"height":480,"_type":"image-file"},"confusion_matrix":{"format":"png","width":600,"height":600,"_type":"image-file","sha256":"94b47cb02216af295874589358a985c7a5b930bb91e6c6692d2c08a38e8d6788","size":33886,"path":"media/images/confusion_matrix_21_94b47cb02216af295874.png"},"epoch":10,"f1_global":0.9934}