{"epoch":3,"train_loss":0.00673126407027086,"f1_global":0.9469999999999998,"_timestamp":1.7659258445146992e+09,"recall_global":0.947,"confusion_matrix":{"size":31904,"path":"media/images/confusion_matrix_7_7886b4fdc562985c857a.png","format":"png","width":600,"height":600,"_type":"image-file","sha256":"7886b4fdc562985c857a53426dba646a03239b4fbce4701b88efcd78add4d0d7"},"final_confusion_matrix":{"width":640,"height":480,"_type":"image-file","sha256":"408b535c01ea9dcb4d0d602c7e80d7f3daaf168e6356ac10fd74f9be26b4c3d1","size":36712,"path":"media/images/final_confusion_matrix_8_408b535c01ea9dcb4d0d.png","format":"png"},"test_loss":0.008537190704373643,"_runtime":52,"_step":8,"precision_global":0.947,"_wandb":{"runtime":52}}