{"_runtime":123,"_wandb":{"runtime":123},"_timestamp":1.7659233480501118e+09,"confusion_matrix":{"sha256":"1b31d2bd53df1ab3d91eb9312c05356e63a62a1ee0fca7ef2b2aae88904fc838","size":38793,"path":"media/images/confusion_matrix_1_1b31d2bd53df1ab3d91e.png","format":"png","width":600,"height":600,"_type":"image-file"},"precision_global":0.9753,"_step":1,"f1_global":0.9753,"recall_global":0.9753,"epoch":0,"train_loss":0.00985424144085306,"test_loss":0.0037315266316840325}