{"confusion_matrix":{"_type":"image-file","sha256":"7d5f9501d77b0aa4b7534a369f51d87bab762067e0e8d560bf887f196dd6fca5","size":30552,"path":"media/images/confusion_matrix_1_7d5f9501d77b0aa4b753.png","format":"png","width":600,"height":600},"_timestamp":1.7659267769638753e+09,"recall_global":0.966,"final_confusion_matrix":{"path":"media/images/final_confusion_matrix_2_f5eb6378c5d0f5ee3b0f.png","format":"png","width":640,"height":480,"_type":"image-file","sha256":"f5eb6378c5d0f5ee3b0fd405f518b486a6fa99f54317fbfeb1dd9e32765172e1","size":35580},"_wandb":{"runtime":14},"train_loss":0.002801633732234861,"_runtime":14,"test_loss":0.0060412197053665295,"f1_global":0.966,"precision_global":0.966,"epoch":4,"_step":2}