{"confusion_matrix":{"size":31658,"path":"media/images/confusion_matrix_7_f09bfd2ef26101f8a1a1.png","format":"png","width":600,"height":600,"_type":"image-file","sha256":"f09bfd2ef26101f8a1a1ab6e90e80be8625974b255c05ce9bfcb69a243422b54"},"test_loss":0.005246265098776348,"f1_global":0.963,"_wandb":{"runtime":140},"precision_global":0.963,"train_loss":0.002990443798890215,"_step":7,"epoch":3,"_timestamp":1.7659216361564012e+09,"_runtime":140,"recall_global":0.963}