{"_step":10,"precision_global":0.951,"_runtime":55,"test_loss":0.007203883200418204,"_timestamp":1.765927257113603e+09,"confusion_matrix":{"size":31549,"path":"media/images/confusion_matrix_9_613b584d72104f2205e4.png","format":"png","width":600,"height":600,"_type":"image-file","sha256":"613b584d72104f2205e48a054155acd1c295525647d229ee0833f43c34e8a9f5"},"final_confusion_matrix":{"sha256":"5ccb47417b8385ad8070ac626284204208a2860d02aedc7dadf0ae36e99c6bb0","size":36371,"path":"media/images/final_confusion_matrix_10_5ccb47417b8385ad8070.png","format":"png","width":640,"height":480,"_type":"image-file"},"f1_global":0.951,"_wandb":{"runtime":55},"epoch":4,"train_loss":0.004721948484384871,"recall_global":0.951}