{"_step":5,"epoch":2,"confusion_matrix":{"height":600,"_type":"image-file","sha256":"c14700757311dffe5f6ca84fc6c45d71b50526d7ad6011ce85eada3233950582","size":37359,"path":"media/images/confusion_matrix_5_c14700757311dffe5f6c.png","format":"png","width":600},"_wandb":{"runtime":391},"f1_global":0.9808,"test_loss":0.0029543958043467995,"_timestamp":1.765922735768348e+09,"train_loss":0.0027132879306847016,"precision_global":0.9808,"_runtime":391,"recall_global":0.9808}