{"precision_global":0.958,"_timestamp":1.765926517900988e+09,"_step":4,"f1_global":0.958,"_runtime":23,"test_loss":0.007072086009429768,"confusion_matrix":{"height":600,"_type":"image-file","sha256":"63b68313cd180e213bf1dd223ac6e4494e17a9df801fad190005e4b8c9244206","size":30691,"path":"media/images/confusion_matrix_3_63b68313cd180e213bf1.png","format":"png","width":600},"train_loss":0.0034012969811149734,"recall_global":0.958,"final_confusion_matrix":{"format":"png","width":640,"height":480,"_type":"image-file","sha256":"67c8213690c8da6b99a15f158b387e4c34475b667b66c00701416ea0fd2b0c11","size":35651,"path":"media/images/final_confusion_matrix_4_67c8213690c8da6b99a1.png"},"epoch":4,"_wandb":{"runtime":23}}