{"_step":1,"epoch":0,"f1_global":0.9826,"recall_global":0.9826,"_wandb":{"runtime":115},"confusion_matrix":{"size":37465,"path":"media/images/confusion_matrix_1_f5b9df11681e4b96e9e3.png","format":"png","width":600,"height":600,"_type":"image-file","sha256":"f5b9df11681e4b96e9e3f290ef07315052406afceffd7dc9159cbd4dbcb8ead7"},"_timestamp":1.7659235330878217e+09,"train_loss":0.003243187414590212,"test_loss":0.0026917953701550814,"_runtime":115,"precision_global":0.9826}