{"f1_global":0.9812,"_wandb":{"runtime":274},"_runtime":274,"test_loss":0.0028349052370677335,"final_confusion_matrix":{"height":480,"_type":"image-file","sha256":"b977a492bb9a0fe1b589fc3db8f76d581afb056f6e805a7b93660af1e3c0e107","size":43520,"path":"media/images/final_confusion_matrix_4_b977a492bb9a0fe1b589.png","format":"png","width":640},"precision_global":0.9812,"_step":4,"confusion_matrix":{"path":"media/images/confusion_matrix_3_ed6b3f673ca17e9c310d.png","format":"png","width":600,"height":600,"_type":"image-file","sha256":"ed6b3f673ca17e9c310d8e66d92678128be1da19182e5f713caef374c37df2ce","size":38643},"train_loss":0.0026347026710366785,"epoch":8,"_timestamp":1.7659284885322073e+09,"recall_global":0.9812}