{"confusion_matrix":{"height":600,"_type":"image-file","sha256":"0d655a5fc964556cb9a798058f5397b280923e87ce5cd9d0db4627bbfd4de8c1","size":35806,"path":"media/images/confusion_matrix_21_0d655a5fc964556cb9a7.png","format":"png","width":600},"_wandb":{"runtime":2379},"precision_global":0.987,"final_confusion_matrix":{"height":480,"_type":"image-file","sha256":"714be0f28b0293c895815dd9490ebf73a1a2ce63c7782e09e99f290eb1373089","size":40607,"path":"media/images/final_confusion_matrix_22_714be0f28b0293c89581.png","format":"png","width":640},"test_loss":0.04970862403859585,"_runtime":2379,"f1_global":0.987,"recall_global":0.987,"epoch":10,"_timestamp":1.7678963632581012e+09,"_step":22,"train_loss":0.013670170138649157}