{
    "0": {
        "digit": 0,
        "TP": 974,
        "FP": 25,
        "FN": 6,
        "precision": 0.974974974974975,
        "recall": 0.9938775510204082,
        "f1_score": 0.9843355229914097
    },
    "1": {
        "digit": 1,
        "TP": 1126,
        "FP": 12,
        "FN": 9,
        "precision": 0.9894551845342706,
        "recall": 0.9920704845814978,
        "f1_score": 0.9907611086669599
    },
    "2": {
        "digit": 2,
        "TP": 1005,
        "FP": 17,
        "FN": 27,
        "precision": 0.9833659491193738,
        "recall": 0.9738372093023255,
        "f1_score": 0.9785783836416748
    },
    "3": {
        "digit": 3,
        "TP": 1001,
        "FP": 31,
        "FN": 9,
        "precision": 0.9699612403100775,
        "recall": 0.9910891089108911,
        "f1_score": 0.980411361410382
    },
    "4": {
        "digit": 4,
        "TP": 960,
        "FP": 11,
        "FN": 22,
        "precision": 0.9886714727085479,
        "recall": 0.9775967413441955,
        "f1_score": 0.9831029185867896
    },
    "5": {
        "digit": 5,
        "TP": 872,
        "FP": 5,
        "FN": 20,
        "precision": 0.9942987457240593,
        "recall": 0.9775784753363229,
        "f1_score": 0.9858677218767666
    },
    "6": {
        "digit": 6,
        "TP": 948,
        "FP": 28,
        "FN": 10,
        "precision": 0.9713114754098361,
        "recall": 0.9895615866388309,
        "f1_score": 0.9803516028955532
    },
    "7": {
        "digit": 7,
        "TP": 1016,
        "FP": 31,
        "FN": 12,
        "precision": 0.9703915950334289,
        "recall": 0.9883268482490273,
        "f1_score": 0.9792771084337349
    },
    "8": {
        "digit": 8,
        "TP": 934,
        "FP": 11,
        "FN": 40,
        "precision": 0.9883597883597883,
        "recall": 0.9589322381930184,
        "f1_score": 0.9734236581552892
    },
    "9": {
        "digit": 9,
        "TP": 979,
        "FP": 14,
        "FN": 30,
        "precision": 0.9859013091641491,
        "recall": 0.9702675916749257,
        "f1_score": 0.9780219780219781
    },
    "global": {
        "precision": 0.9815,
        "recall": 0.9815,
        "f1_score": 0.9815
    }
}