{"_runtime":34,"recall_global":0.931,"train_loss":0.007562300864052266,"confusion_matrix":{"height":600,"_type":"image-file","sha256":"4485d4cc3da3a3c496f1879d36d70a4f5c56b2aa85021070a3ec47f93cc41c94","size":31671,"path":"media/images/confusion_matrix_5_4485d4cc3da3a3c496f1.png","format":"png","width":600},"precision_global":0.931,"epoch":2,"test_loss":0.01016851223539561,"_step":5,"f1_global":0.931,"_wandb":{"runtime":34},"_timestamp":1.7659279259972553e+09}