{"epoch":4,"f1_global":0.96,"train_loss":0.0029710938601675346,"confusion_matrix":{"size":30894,"path":"media/images/confusion_matrix_1_30cf98798bdeaa05fa1f.png","format":"png","width":600,"height":600,"_type":"image-file","sha256":"30cf98798bdeaa05fa1f0b9ad569f642ecda37593e2ab92a25176891cfc5ad18"},"_wandb":{"runtime":13},"final_confusion_matrix":{"sha256":"9597262609d193e3fb8b3ba1e14ee68aa00de8bc322d0cda8d38dac207737414","size":35777,"path":"media/images/final_confusion_matrix_2_9597262609d193e3fb8b.png","format":"png","width":640,"height":480,"_type":"image-file"},"_runtime":13,"test_loss":0.006161578348837793,"_timestamp":1.7659273759302576e+09,"_step":2,"recall_global":0.96,"precision_global":0.96}