{"precision_global":0.949,"recall_global":0.949,"epoch":5,"_timestamp":1.7659280060071673e+09,"final_confusion_matrix":{"_type":"image-file","sha256":"f318c8ad3b9a0e6bcb8566a56d9e889e8702aba3dc4f6c68edce10e10bdc3cf2","size":36434,"path":"media/images/final_confusion_matrix_4_f318c8ad3b9a0e6bcb85.png","format":"png","width":640,"height":480},"_wandb":{"runtime":23},"test_loss":0.0076463758159661666,"_step":4,"train_loss":0.00403128572036215,"f1_global":0.949,"_runtime":23,"confusion_matrix":{"path":"media/images/confusion_matrix_3_8db973e21fa5a92f74fc.png","format":"png","width":600,"height":600,"_type":"image-file","sha256":"8db973e21fa5a92f74fccd90f1808fb96d8508b108f48d91d1ae59e2ffdac022","size":31499}}