{"_wandb":{"runtime":15},"f1_global":0.957,"epoch":5,"recall_global":0.957,"test_loss":0.006670304675935768,"precision_global":0.957,"_step":1,"_runtime":15,"_timestamp":1.7659278691126883e+09,"train_loss":0.0034941173374697446,"confusion_matrix":{"path":"media/images/confusion_matrix_1_f9cf48881bbe48a77196.png","format":"png","width":600,"height":600,"_type":"image-file","sha256":"f9cf48881bbe48a7719633c1cee58a6237197fdb72bcbf4fc5fc96a2228bb26f","size":30908}}