{"recall_global":0.9691,"epoch":0,"precision_global":0.9691,"_step":1,"train_loss":0.010541555588257744,"_runtime":113,"confusion_matrix":{"format":"png","width":600,"height":600,"_type":"image-file","sha256":"032e0048e682e4f6d54f7cc66df098628e5d7be588d390912e93407eb82f2600","size":39753,"path":"media/images/confusion_matrix_1_032e0048e682e4f6d54f.png"},"_wandb":{"runtime":113},"_timestamp":1.7659236857675624e+09,"test_loss":0.0045185227622075415,"f1_global":0.9691}