{"precision_global":0.978,"_wandb":{"runtime":111},"test_loss":0.0035180774956171273,"_step":1,"_timestamp":1.765923956720253e+09,"train_loss":0.009710974820608051,"recall_global":0.978,"epoch":0,"_runtime":111,"f1_global":0.978,"confusion_matrix":{"size":39044,"path":"media/images/confusion_matrix_1_7bef96d6492ae4460ff0.png","format":"png","width":600,"height":600,"_type":"image-file","sha256":"7bef96d6492ae4460ff0400c74394842140494a50f54b4171a11068c7840f75a"}}