{"epoch":0,"_step":1,"recall_global":0.9746,"_wandb":{"runtime":108},"test_loss":0.003826095055658214,"f1_global":0.9746,"_timestamp":1.765924293822241e+09,"train_loss":0.009663171767416512,"confusion_matrix":{"path":"media/images/confusion_matrix_1_7a4db440b12b5960b76e.png","format":"png","width":600,"height":600,"_type":"image-file","sha256":"7a4db440b12b5960b76ed25818bf8c4bdb39e8ad07a302c196a4842074efcb79","size":39175},"_runtime":108,"precision_global":0.9746}