{"test_loss":0.007124464493244886,"recall_global":0.95,"_step":2,"precision_global":0.95,"final_confusion_matrix":{"_type":"image-file","sha256":"6f66169625fad9391ff9ca457a61ac5d485a6d4bff49fdfcc9d6d66912ce7757","size":35929,"path":"media/images/final_confusion_matrix_2_6f66169625fad9391ff9.png","format":"png","width":640,"height":480},"_runtime":12,"train_loss":0.003453766874488483,"f1_global":0.9500000000000001,"_wandb":{"runtime":12},"confusion_matrix":{"width":600,"height":600,"_type":"image-file","sha256":"007e71f6d23cbba335875d5a8f8697b329c7c670dc3e3f084c8bb96b17f41e02","size":30865,"path":"media/images/confusion_matrix_1_007e71f6d23cbba33587.png","format":"png"},"_timestamp":1.7659273453417523e+09,"epoch":4}