{
    "0": {
        "digit": 0,
        "TP": 977,
        "FP": 4,
        "FN": 3,
        "precision": 0.9959225280326198,
        "recall": 0.996938775510204,
        "f1_score": 0.9964303926568078
    },
    "1": {
        "digit": 1,
        "TP": 1130,
        "FP": 2,
        "FN": 5,
        "precision": 0.9982332155477032,
        "recall": 0.9955947136563876,
        "f1_score": 0.9969122187913542
    },
    "2": {
        "digit": 2,
        "TP": 1025,
        "FP": 8,
        "FN": 7,
        "precision": 0.9922555663117134,
        "recall": 0.9932170542635659,
        "f1_score": 0.9927360774818401
    },
    "3": {
        "digit": 3,
        "TP": 1009,
        "FP": 9,
        "FN": 1,
        "precision": 0.9911591355599214,
        "recall": 0.999009900990099,
        "f1_score": 0.995069033530572
    },
    "4": {
        "digit": 4,
        "TP": 976,
        "FP": 8,
        "FN": 6,
        "precision": 0.991869918699187,
        "recall": 0.9938900203665988,
        "f1_score": 0.9928789420142421
    },
    "5": {
        "digit": 5,
        "TP": 887,
        "FP": 7,
        "FN": 5,
        "precision": 0.9921700223713646,
        "recall": 0.9943946188340808,
        "f1_score": 0.9932810750279955
    },
    "6": {
        "digit": 6,
        "TP": 943,
        "FP": 3,
        "FN": 15,
        "precision": 0.9968287526427061,
        "recall": 0.9843423799582464,
        "f1_score": 0.990546218487395
    },
    "7": {
        "digit": 7,
        "TP": 1018,
        "FP": 6,
        "FN": 10,
        "precision": 0.994140625,
        "recall": 0.9902723735408561,
        "f1_score": 0.9922027290448344
    },
    "8": {
        "digit": 8,
        "TP": 969,
        "FP": 10,
        "FN": 5,
        "precision": 0.9897854954034729,
        "recall": 0.9948665297741273,
        "f1_score": 0.9923195084485408
    },
    "9": {
        "digit": 9,
        "TP": 1000,
        "FP": 9,
        "FN": 9,
        "precision": 0.9910802775024777,
        "recall": 0.9910802775024777,
        "f1_score": 0.9910802775024777
    },
    "global": {
        "precision": 0.9934,
        "recall": 0.9934,
        "f1_score": 0.9934
    },
    "macro": {
        "precision": 0.9933445537071167,
        "recall": 0.9933606644396644,
        "f1_score": 0.9933456472986059
    }
}