{"f1_global":0.979,"_step":2,"_timestamp":1.765928188747052e+09,"epoch":6,"final_confusion_matrix":{"size":43402,"path":"media/images/final_confusion_matrix_2_ea8dae9a36b120c58bb6.png","format":"png","width":640,"height":480,"_type":"image-file","sha256":"ea8dae9a36b120c58bb6b8c835b63ee0c1ad6face0aeacf833bc2b8d76b1cf2f"},"_wandb":{"runtime":111},"precision_global":0.979,"confusion_matrix":{"format":"png","width":600,"height":600,"_type":"image-file","sha256":"1742649c98218eb4da8d5a14e15283987647c5a15b1e6f487eab3b4a908af037","size":38613,"path":"media/images/confusion_matrix_1_1742649c98218eb4da8d.png"},"recall_global":0.979,"test_loss":0.0030520804031401077,"train_loss":0.0046593552415714916,"_runtime":111}