{"_wandb":{"runtime":222},"f1_global":0.9852,"_runtime":222,"_timestamp":1.7659255928615925e+09,"epoch":3,"confusion_matrix":{"path":"media/images/confusion_matrix_3_2eb93fc84369e6acce45.png","format":"png","width":600,"height":600,"_type":"image-file","sha256":"2eb93fc84369e6acce45e0f3732d33ab56973a49542e11c0092cbeeed754125b","size":35948},"test_loss":0.0023296169543784474,"train_loss":0.002540544793490297,"precision_global":0.9852,"recall_global":0.9852,"final_confusion_matrix":{"_type":"image-file","sha256":"74dcf27eb41a06734e992b2b1e8bfd3d72d99bc70dcea08032bd8d11093f31b4","size":40911,"path":"media/images/final_confusion_matrix_4_74dcf27eb41a06734e99.png","format":"png","width":640,"height":480},"_step":4}